GeoName,2005:Q1,2005:Q2,2005:Q3,2005:Q4,2006:Q1,2006:Q2,2006:Q3,2006:Q4,2007:Q1,2007:Q2,2007:Q3,2007:Q4,2008:Q1,2008:Q2,2008:Q3,2008:Q4,2009:Q1,2009:Q2,2009:Q3,2009:Q4,2010:Q1,2010:Q2,2010:Q3,2010:Q4,2011:Q1,2011:Q2,2011:Q3,2011:Q4,2012:Q1,2012:Q2,2012:Q3,2012:Q4,2013:Q1,2013:Q2,2013:Q3,2013:Q4,2014:Q1,2014:Q2,2014:Q3,2014:Q4,2015:Q1,2015:Q2,2015:Q3,2015:Q4,2016:Q1,2016:Q2,2016:Q3,2016:Q4,2017:Q1,2017:Q2,2017:Q3,2017:Q4,2018:Q1,2018:Q2,2018:Q3,2018:Q4,2019:Q1,2019:Q2,2019:Q3,2019:Q4,2020:Q1,2020:Q2,2020:Q3,2020:Q4,2021:Q1,2021:Q2,2021:Q3,2021:Q4,2022:Q1
Alabama,182600.4,184625.7,184134.9,186116.9,186539,187489.6,187442.8,187611.6,187376.1,188746.2,189934.1,189953.7,188933.9,189288.6,187535.2,182028.9,180072.9,180406.4,180990.1,181359.2,181276.7,183649.6,187004.4,186878.9,185740.7,186746.9,187669.2,190266.5,190077.6,190536.7,188418.1,187949.6,191903.7,191053.3,192256.9,190265.3,187517.5,189967.8,191075.8,190984.2,189878.6,191535.8,192148.5,191778,193112.6,194227.5,194380.5,195414.6,196746.6,197019.3,197409.4,199091.2,200256.3,200910.3,200447.3,201589.7,202231.1,203117,203833.4,204354.1,202069.1,183890.3,200354.3,201310.6,202598.8,204135.8,204968.8,207835.2,206879.7
Alaska,45176.1,45776.9,45501.7,46173.5,47346.6,48911.2,49486.7,51016.2,51384.8,52275.8,52106.7,51116.5,49885.8,48777.2,50833.6,55511.7,57551.9,56989.5,55545.6,54773.5,53479.1,54794.8,55173,54959.1,53410.9,54642.5,55356.9,57711.1,57685,59227.9,58744.5,57477.2,56769.5,54798,55176.3,54673.4,53780.7,54013.5,54271.9,54686.8,55210.6,54650.5,54560.8,54541.5,55065.2,54197.5,53849.2,53874.6,53917.9,54028.7,54565.4,54006.1,53399.8,53146.8,53126.2,53325.6,52889.5,52930.1,53788.5,53737.8,52876.1,47820.3,49213.8,50733.8,49820.2,50307.6,50352.9,50720.6,49643
Arizona,256521.4,260884.6,265619.7,266278.2,271247.2,271897.9,275090.9,278481.7,279269,282276.6,285827.2,285630.2,285356.3,285017.1,281661.6,271205.2,261774.7,256640,254266.1,257313.1,255010.4,259202.3,262030.2,264985.6,263630.3,264532,265432.6,270811.2,270945.9,272153,271149.3,271511.9,272653.7,272500.2,273546.4,275227.2,275486.8,276481,278221.4,277606.6,281222.8,282426.5,281689.2,284969.4,286940.7,289953.3,293674.5,294532.4,298151.1,299978.6,304949.9,306741.9,311176.5,312426.5,314699.3,316172.6,319443.4,322027.1,325925.6,328181.3,324209.9,303625.2,323723.2,330644.2,331004.1,335980.7,338770.5,343943.4,341753.8
Arkansas,104693.3,105271.5,105872.6,108082.4,108122.4,109421.7,108515.5,107782.7,105496.6,106460.1,106792.1,111675.6,106514.9,107887.2,107000.4,104743.4,105389.1,101652.8,102153.5,102791,102789.8,105525.4,107112,107220.9,106992.8,107614,107800.8,109322.6,109050,109000.4,108335.1,107582.7,110536.4,110322.7,111177.9,110972.6,110925,111544.9,112045.8,112422.3,111583,112224.6,112863.5,112732.8,112424.3,112549.8,112484.3,113734.1,113269.2,113540.1,113798.4,114932.9,115453.5,115608.3,116117.6,116571,116073.3,116244.8,117019.8,117825.9,116945.8,108853.8,116646.3,117328,119313.5,120493.3,120760.1,122275.4,121991.1
California,1896451.4,1913819,1940272.3,1956825.6,1998965.4,1992185,2003116.6,2015482.7,2010197.5,2028647.2,2047151.8,2078772.2,2048458.1,2090779,2089111,2018207,2014380.2,1989827.3,1983954.8,1993596.4,2014927.8,2023682.5,2030692.7,2074757.2,2063725.7,2066176.3,2057265.9,2068142.1,2097468.6,2100537.7,2112352.9,2142026.6,2138941.9,2156746.2,2184393.8,2236834,2216087.8,2241222.5,2281298.4,2285610.2,2332010.5,2362335.5,2365812.5,2369653.2,2406765.8,2406800.8,2441320.6,2456691.1,2485233.7,2523632.7,2560373.5,2597837.2,2601862.5,2637537.5,2661741.3,2673163.7,2693526.5,2736221,2751471.1,2776155.1,2739612.3,2496457.9,2690337.2,2728256.4,2799129.2,2860601.9,2879898.7,2946067.2,2939039.8
Colorado,250734.2,251939.1,253059.7,250500.7,256879.2,255511.4,259127.6,258202.5,261339.4,265303.1,267714,273193.4,270427.7,272668.6,272262.6,268566.7,267475.2,262831.1,264442.7,265116.1,264279.2,265486.2,268419.5,273250.7,270474.2,271053.5,271376.9,273898,275172.9,276919,276451.2,278749.5,283490.7,283967.3,287284.3,290294,292113.6,295755.1,300430.9,306321.4,309642.5,311206.2,313371,315418.9,314964.4,316105.6,320509.4,324234,325022.1,327221.2,331771.7,335827.5,338845.7,341446.9,343027.3,346823.8,349998.6,355100.2,360880.3,361115.4,357983.5,327566.5,347601.2,350893.8,357382.7,365512.2,367681,373097.4,371304.9
Connecticut,236627,238189.5,237983.3,241398.4,249100.4,246858.5,246937.1,250039.3,258116.3,258100.6,258695.3,256899.9,269900.2,265383.3,254868.2,240872.2,246919,244143.1,243640.6,244876.4,243504.8,245522,245500.5,242891.6,237263.1,239617.8,237947,239341.7,240932.4,241451.5,240699.6,240564.1,237008.3,235342.3,236373.7,235478.3,231554.2,234565.8,237162.3,239841.4,242291.6,243542,242306.5,242686.1,243591.8,242970.3,242690.1,243894.5,244002.1,248024.7,248690,248717.3,249498.2,248501.8,251914.2,250078.2,251236.3,251914.6,251629.5,251200.1,245664.6,220784.7,237215.7,239889.2,240712.2,244913.3,246434.3,251070.5,250200.7
Delaware,58721.4,57325.3,57194.8,64098.7,60658.4,61328.7,60745.3,59764.7,60383.9,61806.6,60284.7,59436.3,58734.6,59173.2,58921.9,57793,61222.9,62096.9,62197.6,60553.4,61290.1,59817.6,60268.2,60932.9,62150.3,62703.8,63487.8,63335.4,63922.1,62848.8,62056.8,60590.7,59575.1,59423.6,59772.8,62171.7,62662.9,64638.8,65972.4,66486.2,67205.5,68348.4,66082.5,65537.4,63568.9,63407,62664.9,62364.6,61968.5,60217.7,60623.7,60395.1,60748.3,61209.5,62396.7,62586,63493.3,64175.1,64514.2,64867.1,63227.4,58989.4,62828.2,63180,62865.4,63909.2,64704.4,65872.9,65644.9
District of Columbia,99279,99650.1,99480.5,99513.3,99556.9,99452.7,100836.2,99376.3,100978.7,101307,104347.3,104321.6,106420.7,106616,107199.9,106838.9,105274.2,106087.9,105820.9,106392.6,108160.9,110049.9,110406.1,111329.3,111235.6,111870.5,112000,111479.8,111730.4,112528.2,112416.7,111952.7,112559.6,111913.8,112178.5,112677.9,113984.1,114015.6,114779.9,115434.6,116180.5,117151.9,116762.1,117138.9,119484.1,119775.1,119301.7,120016.2,119584.4,120130.7,122054.8,121825.6,122470.1,123452.6,124831.1,124590.7,123440.2,124462,125500.3,126558.7,125651.9,118138.3,121811.5,123766.6,123514.9,125359.9,126603.4,127705.1,127280.3
Florida,804997,810485.1,824830.4,822710.5,834561.2,837003.8,839043,849247,844299.4,849761.1,855755.6,850378.4,835076.3,828485.5,814546.1,786172.9,774814,766557.9,763621,771251.6,766292.5,773469.2,779005.7,781390.4,769089.7,775337.2,768795.4,774862.9,777074.6,775608.8,782108.1,779388.7,789786.3,789901.5,796683.6,802997.2,803195.1,813239.5,822440.7,830058.9,837596.7,849477.1,856691.9,865203.9,866000.7,876557.1,889224.6,894374.5,903385,908335.7,914519.1,925624.9,936276.2,939012.9,948431.9,950132.6,963421.6,968393,974665.6,979996.4,968139.8,887134.4,958143.2,962585.8,978444.2,1006240,1015729.2,1034362.4,1031018.3
Georgia,442968.3,445971.4,447131.5,452540.3,450526.7,451071,453474.6,457056.1,450037.1,454087.7,458100.8,461390.3,450430.3,452091.4,447928.8,432608,428282,428911.5,428320,429449.2,429364,430871,434698.5,439975.3,439716.1,439654.9,441586.3,445549.6,446654,448185.3,448784.1,447435.4,453608.2,452996.7,454851.6,458179.3,462157.1,468677.1,473428,475776.8,482476.9,488730,491353.8,494168.7,502057.8,504413.9,507874.8,512918.2,519712.1,521454.7,525299.8,533032.2,531915,537541.1,542484.6,545260.6,550132.9,558753,561748.8,562474.3,551631.3,507102.3,542117.7,545920.7,554992.1,565877.8,570261.2,580626.8,579715.5
Hawaii,66097.3,66774.7,67374,68249.4,68079.2,68669.1,69149.5,69139.5,69085.4,69427.6,70549.8,71258.7,71000.7,71402.9,70478,68961.7,68109.6,68023.6,67634.3,67942.5,68728.3,69123.5,70150.4,70510.2,70544.6,70433.4,70244.4,71364,71501.4,71955.9,72214.9,71949,73259.9,72764.9,73023.4,73204.7,72819.7,73307.1,73905.3,74017.5,75067,75773.2,76100.3,76537.4,76895.9,77135.4,77422.6,77761.6,78488,78761.7,79264.5,79252.3,79457.5,80301.3,80102.2,79558,78642.6,78886.7,79669.4,79502.9,77374.7,66399,68883.6,69843.3,70653.8,73896.2,74986.5,75981.6,75302.1
Idaho,54984,55851.9,56747.8,56588.4,57675.9,58189.5,57011.7,57577.9,57953.6,58222.4,58687.5,59820.1,59894.2,61054.5,60936.6,59352.5,58216.2,56841.1,57223.9,57030.7,57817.4,57957.1,58504.5,58848,58007,58146.1,58020.4,58731.4,58172.4,58381.6,58659.2,58082.6,59476.4,60354.2,60923.8,61770.5,61708.3,62213.4,62803.7,63090.7,63501,62844,63041.2,62938.7,64747.1,65294.9,66049.6,65824.6,65735.4,66817.1,67229.4,68140.2,70111.3,70871.6,71269.7,72048.8,72936.5,73613.8,74249.3,74848.2,74672.5,69045.3,74893.7,76010.2,77265.9,77765.2,77537.7,79082.9,78874.1
Illinois,685519.3,685960.8,689684.2,689662,703368.2,704060.6,703568.9,708312.6,707704,710808.8,712608.8,719357.6,708830.7,714308.9,711908,691418.3,684670.7,685734.7,687647.8,694590.6,687912.6,695484.1,703516.5,705805.1,705841.7,710480.2,709675.4,719136.2,728820.9,730157.2,726258.6,720359.7,726898.7,722806,724327.9,730467.2,728529.4,740200.6,747259.5,748786.5,748243,751309.9,755352.4,752114.5,747762.1,748754.5,746744.6,754072.8,748851.5,753571.8,757994.2,761961.2,770034.3,774027.4,776057.2,776141.3,776071.6,776598.2,779812.1,778133.5,763614.3,694926.7,742852.1,749181.3,766829,771306,775271.1,784945,779918
Indiana,287211.6,290265.2,291820,292015.9,294718.5,295480.8,296252.6,297999,298025.7,303170.3,305942.1,309204.7,307348.6,306737.9,300460.9,289302.8,276448.6,275936.5,278538.7,287159.2,291395.3,296966.3,300583.1,301124.7,298315.5,298568.5,297912.8,301461.4,301597.1,302312.8,300952.2,297193.4,307595.9,304667.8,307995.2,308857.7,312831.5,317865.2,319484.1,316951.4,312883.7,314704.3,313221.5,314195.2,315453.4,318480.5,321320.7,323151.4,322669.6,324783.9,325701,330212.5,335177.8,337591.6,337908.6,337920.6,335558.8,338006,339115.8,340719.7,338137.4,304394.8,336678.7,340242.4,348472.4,352213.3,352532.6,357278.1,355877.9
Iowa,144118.8,144576.1,145571.2,144043,145802.3,146800.9,145883.4,147734.8,150013.6,153268.3,153783.2,154382.1,153042,152250.4,149299.1,144934.1,143995.3,144840.9,146888.2,149006.8,148155.9,150138.9,150711.8,151587.2,150024.1,150914.7,152095.5,156706.6,158196.8,160271.9,159424.2,156260.6,157953.8,156976.2,158754.6,160238.6,161833.6,166714,168976.1,168953.1,170548.1,170919.9,171492.5,171545.5,170765.2,169126.9,170998.7,170665.6,170771.8,170306.7,169053.9,170598.5,172014.6,173155.5,173274.5,173272.9,170621.5,171714.2,174175,175113.1,171962.8,160153.4,171502.8,174062.1,178621.7,181305.7,181089,180048,179475.3
Kansas,124051,124245.1,124798.9,122704.1,129547.7,130473.2,129955.9,131481.3,135248.5,136847.2,137355.1,138923.6,140367.8,141721.8,140231.4,135826.3,133828.8,133545.6,133955.3,135578.5,132421.8,134726.5,137141.9,138602.7,137725.3,140255.3,139850.6,140486.5,146346.1,143701.7,138890.9,138334,140120.2,141187,141731.4,143854.9,140392.4,144158.9,147706.8,149118.5,146337.4,148746.8,149641.6,150516.3,150695.9,153390.5,154970,155724.9,155227.5,155178.2,155222.8,156003,157250.1,158690.9,159627.2,160057,157922.3,159752.1,160804.2,162250.7,160610.5,147121,158961.7,160387.3,162059.7,162965,162655.4,163255.9,162199.5
Kentucky,168139.2,170967.1,172424.6,173190.4,175521.3,176473.8,175692.2,174943.3,172852.1,173961.1,174241.5,176574.4,176193.1,177259.3,173240.7,168547.4,166186.7,164827.7,166210,169592.3,168935.5,173359.8,176337.4,176487.8,173840,174818.6,175330.8,178992,178490.7,179113.9,178315.4,176654.9,182528.7,180960.2,181542.6,180991.9,180217.5,182049.5,182139.4,181480.8,181655.9,183361.8,183140.1,183506.2,181195,183857.4,185801,185606.5,184471.2,185589.7,186019.6,187385.6,186677.3,188861.2,188296.2,188499.6,189494.7,191048.3,191851,193028.1,190903.4,171911.5,189231.5,190094.1,192634.7,193651.7,194128.2,196945.7,195676
Louisiana,247839.3,250917.6,246429.1,245906.9,246621.5,246043.3,244566.2,244770.1,233339.3,230236.5,229263.2,228631.8,229226.5,231917.3,232806.9,234652,236002.6,234460.5,236374.1,238806.8,244996.8,248058.5,249534.2,244755.2,237067.2,234453.9,232156.4,236225.3,238407.2,239344.6,233435.6,230351.3,229867.2,227188.6,227949.9,228805.4,228593.4,234835.9,238232.2,239758.9,235729.6,233505.1,232551.8,230277.4,228352.8,228008.5,228056.5,229296.3,232617.8,233809.9,234467.4,234202.7,236742,237033.7,235952.5,235334.4,235482.2,234889.4,236358.7,237060,231935.4,209621.9,223747.2,223882.7,224325.9,228737.2,227342.7,230532.6,228002.3
Maine,54479.3,54801.7,54956.6,55470,55405.9,55684.8,55324.8,55378.1,54892.2,55510,55586.9,55450.5,55298.8,55209.3,54718.8,53388.6,52928.4,53385.3,53938.5,54268.2,54050.2,54345.3,54657.7,54166.8,53756.1,53599.3,53472,54328.6,54022,54308,53710,52678.9,53464.3,52889.5,53115.3,53487.2,53404.5,53887.3,54229,54630.7,53828.5,54413.2,54488.2,54973.2,54977.2,55630.8,55574.2,56079.2,56303.4,56295,56816.3,57235.5,57838.7,58265.4,58477.9,58133.4,58897.3,59045,59607.8,60185.6,59882.6,55198,59368.4,60580.4,60933.5,61584,61862.1,62880.9,62682.2
Maryland,296104.9,299499.2,304913.3,306125.2,304842.7,305007.2,306216,307110.4,303858.1,306963.1,306385.5,309816.6,313558.2,317016.2,316132.9,312323,308138.9,309761.4,311803.9,315664.6,320015.2,323965.5,326402.7,331095.2,329525.4,332809.8,333042.9,334370.8,334960,331560.7,333661.1,329912.2,334297.8,332763.7,334474.8,335539.4,335102.1,339734.1,342581.1,341001.2,345663.3,346588.1,348800.5,351555.2,355809.1,358933.1,361442.7,364142.9,364081.6,365362.5,367194.6,370083.4,367493.3,369239.8,368712.2,369130.3,367089.8,370310.2,370596.9,370498.9,365726.5,334346.5,355810.5,356326.6,364834,361511.5,363084.5,367539.7,367288.8
Massachusetts,383214.4,384392.9,389005.8,390600.7,393070,395014.2,393542.7,400516.5,399634,403314.8,408509.3,414226.5,416127.1,420634.7,415624,407293.7,405263,404884.5,407451,411279.7,416892,423669.9,430721.4,431887.6,426040.2,439222.5,432740.7,439974.7,440127.1,443687.8,444914.2,442938.5,442613.3,442737.1,446548.9,447596.8,442835.2,447318.4,454755.2,461366.9,463496.5,468617.9,467518.8,472610.4,470642.9,473992.3,479256.3,477504.6,477527.5,481738.9,487136.6,491252.2,497091.8,502744.6,505327,506653.7,512866.5,516821,520751.7,520469.2,516373.4,467257.2,500353.4,510323.9,517170.8,528270.4,533244.6,543334.5,543621.9
Michigan,457543.9,458905.7,455627.9,456473.4,451470.7,452234.2,449695,446014.1,449892.4,449090.6,448578.8,440210.8,432787.5,428695,417634.4,404778.9,379136.5,381300.5,382593.6,389529.7,389897.7,403080.1,412366.4,411523.2,412078,410979.4,412332.9,423947.1,422047.5,422794.3,423642.4,422280.5,427903,427098.9,429535,430413.5,427505.7,434565.9,437823,437357.9,440203.6,443599.2,445313.7,446208.4,447036.4,453264.3,453219.5,455780.7,454896,457584.5,457403,461176,467378.7,470775.7,468543.3,464624.1,464811.6,467702.4,468594.8,468092.1,462839.6,406074.7,455563.2,458252.8,461249.3,475273.8,475043.1,481766.1,481860.6
Minnesota,281852.6,283117,288035.3,285542.9,285415.2,287334.2,282496.4,282282,282063,286921.1,286994.2,289218.5,289988,289875.2,292005.2,281814.2,276441.7,275939.2,276599.7,280995.8,280242.7,284438.3,288558.8,295320.7,290670.7,295739.8,293239.9,295482.2,297973.3,298056.9,299165.6,298117.4,301068.7,302988.7,308266.3,309622,309035.2,313840.3,317541,315948.9,318594.9,317362.4,318761.2,320934.4,320479.4,321655.3,326836.3,327150.2,329499.8,328378.8,326629.4,330276.3,334733.4,338599.4,340314.6,340450.7,337632,339536.9,341321.2,342031.5,336437.6,308909.5,328661.3,332534.1,337184.1,345268.1,346982.7,351253,349526.6
Mississippi,95489.6,95713.4,96370.4,99709.2,97659,99204.4,99260.5,99899.4,99369.3,99175,100794.7,101508,101668.2,103094,102232.3,100116,98800.6,98276.4,97584.5,97341.1,97911,98787.8,99191,98514.4,97639.3,98056.1,98376.9,99990.8,101522.1,101321.9,100335.7,98614.1,100908,99261,101267.9,99887.9,99408.8,101090.9,100392,100242.8,99985.4,100502.7,100780.7,100660.9,101619,101140.2,100976.9,101285,102089.6,101505.1,101472.5,101501.1,101088.3,101724.4,100999.2,100714.3,100563.7,100889.1,101700.6,102947.2,102318.6,92537.9,101273.2,102540.1,103180.8,103827.8,103986.6,105043.8,104695.4
Missouri,263559.7,265589.6,266296,267495.1,267349.1,269138,266414,265983.3,262968.8,267235.4,269020.9,271539.5,271435.9,276199.4,271150.9,274958.7,266397.5,265754.6,267289.8,267897.7,270177,270818.3,271277.7,270658.6,267150.4,268193.6,268086.8,270704.4,272673,272339.6,270765.7,270362.3,275137.9,274044.6,274517.5,274697.1,271224.3,275190.8,278362,279545.6,279367.1,279819.1,279702.3,277194.9,278546.2,278223.6,278576.5,281090.2,279477,281999.1,282518.1,284702.5,283756.5,286899.7,286513.9,286810.2,288815.9,289729.5,291733.9,293088.8,289267.7,266144.9,285546.8,289657.4,292949.7,294799,295983.8,299171.5,297727.8
Montana,37305,37141.6,37281.1,37768,37951.3,38388.5,38843.5,39126.9,40046.9,40484.9,40459.5,40761.9,40844.6,40705.2,40492.1,39842.6,39748.7,39281.1,39671.6,39352.2,40465.3,40653.4,40874.7,41181.6,41585.6,41692.8,41665.4,42559,42465.2,42189,42366.2,42343.1,42852,42846.3,43022.7,43152,43256.3,43737.8,43990.3,44332.1,45453.2,45617.1,45656.7,44856,44460.9,43884.2,44228.5,45173.6,45498.5,46255.5,46031,45857.1,46868.7,46802,46309.8,46475.9,46575.4,46447.9,46876.2,47252.6,46632.8,43813.1,46797.4,47389.1,48651.5,49347.8,49288.3,49767.2,49284.8
Nebraska,87583,88616.5,89764.4,91272.4,90564.2,93668.4,91423,91675.3,93596.2,93600,93420,95027.2,94502.9,95855.2,94416.6,90587.1,93353.7,92830.2,94031.2,95695.2,95415,97621.2,98262.4,98566,102166.3,102142.4,101617.6,104423.2,102270.5,103657.7,102398.1,102577.4,105109.8,104500.3,104822.1,104287.9,106608.4,108198.2,108136.7,108803.7,110248.8,111564.3,111970.3,111822.4,111123.9,111774.2,113042.3,114505.7,113155.7,114477.1,114459.3,115831.4,117281,116616.8,116234.8,117485,116680.8,117262.3,118642.8,120560.2,119356.1,110306.4,118916.2,122080.9,124849.5,123662.6,123660.1,123415.7,122669.5
Nevada,134532.2,138422.9,137939.9,139140.2,141661.2,143630.9,142844.5,143731.6,143240.3,143140.2,143931.9,146115.9,142860.7,141017.4,140158.6,135780.3,131114.6,128196.5,126762.4,126891.5,127340.9,129455.6,131024.2,131492.8,129875.6,131865.7,130521.4,130528.7,130239.5,129619.7,129255.3,128137.1,129895.5,128798.7,129452.1,130737.3,130015.2,130135.1,130961.5,132477.6,134062,136171.9,137033.7,138121.9,138070.8,138500.2,141800.9,141952.9,144039.6,145257.3,147147.9,146354.8,149483.8,150126,150636.9,152599.8,155161.1,155936.7,157694.6,158523,157787.4,129735.7,145798.3,147554.9,149987,155644.8,156698.6,159708,159487.4
New Hampshire,64678.5,65058.8,65251.9,65148.2,65820.3,65796.2,66388.8,68507.5,66183.4,67681.2,66653.9,66896,66947.5,66525.1,65851.6,64092.3,64151.4,64111.6,65846.9,65983.9,65817.6,67533.6,67586.5,67565.3,66603.4,67646,67362.6,68624.6,67891.7,68192.7,68676.6,69231.4,69131.8,68813.7,69085.7,69289.9,68741.5,70257.8,70198.3,71657.2,70546.3,71998.9,72008.4,73616.1,72992.2,73600.7,74073.1,73622.7,73586.2,73528.1,74791.1,74523.9,75444.9,75642.5,75754.5,75296.3,77068,77094.1,77155.7,77188.2,77475.9,69908.7,76338,78449.8,78919.7,82931.7,82154,83721.8,83979.7
New Jersey,502553.8,506024,511267.4,511733.6,513554.5,519363.7,515626.8,518180.5,512404.9,519973,521115.2,530100.3,539518,540760.8,536584.9,521141.9,508252.8,503039,506216.7,509894.5,513801.9,513224.9,515724.7,512920.3,503916.8,506948.3,506070.4,513480.5,518159,516381.9,520562.4,513680.1,526767.2,522309,522143.4,523683.7,519694.3,522217.4,523532,523222.2,527694.4,530518.1,531457.6,530144.9,535255.2,533957.9,535544.4,535463.6,533051,536923.9,538885.4,539320,545151,548582.3,551077.3,555447.4,556095.8,561003,565016.2,565256.2,561934.1,496793.2,539946.6,544505.5,554377.6,557419.2,562577.5,572753.5,569538.7
New Mexico,84403.3,84572.2,83546.3,83615.9,85828.6,85960.5,86041.9,86402.7,86206.9,86846,87363.4,86538.6,85719.9,86022.8,86674.3,89443.8,89021.6,87713,87820.6,87724.6,86859,86955.2,87348.8,89277.9,86222.1,87445.4,87719.9,88984.3,88267.5,89160,87783.9,86489.5,86851,86596.7,86573.6,87405.1,87062.8,88264.3,89562.8,91074.8,90364.3,89656.1,89558.8,89226,89614.2,89265.5,88787.5,88938.2,88572.6,88847,89306.3,89402.2,90104.2,90933.1,91153.2,91807.2,92593.1,93973.2,96030.4,96892.3,96816.7,88037,92640.4,93292,94088.2,94742.1,94730.1,96488.4,95344.7
New York,1152076.7,1162884.7,1173856,1186746.8,1204862.9,1196722.4,1190282.6,1205239.7,1242197.9,1203375.7,1198486.5,1190198.5,1204105.5,1192565.4,1195925.9,1167726.6,1182189,1232685.3,1246469.8,1261345.1,1276676,1295317,1275895.6,1261978.5,1288607,1274458.6,1270084.6,1284958.2,1304965.1,1323662.2,1335349.2,1348957.5,1315692.4,1324703.1,1331775,1345334.7,1337404.1,1346698.6,1360167.7,1369371.2,1366210.5,1380773.9,1382066,1365521.5,1403156.6,1408836.5,1398333,1402596,1418892.8,1408364.1,1413690.6,1437386.8,1447027.8,1462708.3,1466969.2,1455277.7,1480721.8,1499956.5,1496841.7,1501425.8,1478701.6,1336585.6,1427034.8,1438242.1,1463162.2,1489937.6,1498318.3,1515818.9,1510975.9
North Carolina,405614.5,406017.2,410065.7,414318.2,431596,434108.1,433750.2,437382.5,440263.7,437636.7,436759.7,441180.3,451921.7,455308.2,452823.6,442098.4,423268.9,428470.1,434806.2,441275.9,433891.4,436132.7,437480.3,443841.6,441838.1,447062,441491.5,442763.2,448736.3,443792.8,445554.4,442297.8,447524.2,448971.4,454909.9,456819.3,459640,460118.2,464182.8,465071.3,472330.5,475687.2,476293.5,476075.1,480088.1,479327.9,482965,489494.6,493349.7,495174,496702.2,501680,500799.4,505800,503662.7,505936,509780.8,513926.1,516251.9,518540.8,512890.8,467952.3,505611,511616,523298.7,530933.7,534103.6,544023.2,542101.9
North Dakota,29298.3,29377.3,29250.8,29454.5,30090.9,30746.6,30605.9,30917.1,31400,31759,32108,32822,33781.9,34073.3,34634.3,34536.3,34991.5,34791.7,35600.9,35593.5,36387.4,37616.7,38372,39292.7,39760.1,41052.5,42564.2,45986.3,48908.6,52014.3,53066.3,53341,51557.8,52286.4,53600.7,54124.6,55310.1,57509.5,58579.8,59760.7,58399.2,56284.2,55886.4,55600,54066.5,52456.7,52704,52671.1,53173.9,54534.7,54315.6,54308.3,55478.3,56099.5,56258,55700.1,55511.2,56034.9,56513.8,56928,57212.1,52580.9,54299.4,54231.9,55427.5,56179.7,55782.6,55530.3,54631.1
Ohio,540875.9,544850.9,548967.3,549180.8,545872.8,546946.3,545511,543686.6,546321.3,546289.6,547574,546732.4,546235.3,547619.8,538687.4,515953.9,514971.9,508011.4,508916.7,512405.8,514935.1,521021.5,528119.6,531841.2,533753.3,537977.4,541898.5,551091.5,544820.3,547796.3,547000.2,543343.8,552516.8,552102.8,557266.7,562955.7,563073.5,572742.7,580227.1,580668.4,577230.6,579208.4,577316.9,581653.6,578825.6,583061.9,585958.7,587939.3,588733.3,590764.4,591696.5,591761.1,593836.2,598073.9,601201.1,602557.2,605998.5,609716.2,613642.5,615226,607554.1,549261.4,598448.6,604326.7,609231.7,613695,615257.8,623479.6,620676.6
Oklahoma,143227.5,144419.3,143920.5,142317.3,158117.7,152160,150636.6,150516.5,152798.9,155499,158241.1,158339.1,158301.8,161462.9,162257.5,167525.8,162994.7,159707.7,160332.1,157332,157299.4,160786.2,162066.3,162104.8,160403.9,164432.1,168264,172208.8,173909.1,175597.6,174494.3,175496.6,177213.9,176263,176681.7,180636.9,181783.4,186038.8,193371.2,196246.6,197496.8,194216.4,198073.1,198501.2,195112.9,193384,192349.5,191254.1,192676.6,195040.2,194567.9,194739.1,195984.5,196799.5,197029.7,199619.5,199115.2,199136.4,201825.3,202766.7,198173.5,181175.3,191955.1,192271.1,192114.5,194360.5,194988.9,198827,196962.3
Oregon,156860.6,157099.8,158541.6,160151.8,164997.2,165009.7,166508.8,167913.1,165278.9,167422.5,170354.5,172844.7,173488.5,175453.3,175372.4,170079.5,167694.5,164978.1,164889.7,164546.5,168990,168019.9,169620.2,170306,173462.5,173687.4,172484.1,175692.9,175871,175595.7,175089.1,171888.1,174347.4,174850.1,176490.9,178046.8,177320.9,180402,183127.8,184031.6,187512.6,188693.3,191591.6,191988.7,196414.7,197346.3,198035.1,200521.2,201753.4,204694,206607.6,209924.1,212425.6,214279.8,216717.7,217412.3,217430.4,218154.8,220008.4,222239.1,219990.1,200578.4,214498.5,216331.7,220592.9,222663.8,224577.3,229880.5,229453
Pennsylvania,588074.8,592847.9,598342.4,600155.3,591567.8,595622.2,599524.9,602162.1,605914.8,611075.4,621664.1,630585.2,629858.6,639262.5,632397.6,617712.8,606215.2,605160.1,607545.7,621670.7,616360.6,624928.4,633030.7,636585.5,627642.8,635417.4,638814.6,646581.2,646900.5,649620,650691.3,644491.6,651793.4,654649.8,656465.5,660808,658669.3,667370.3,674954.4,677578.5,681668.5,682275.1,681854.9,684065.8,685221.1,686226.4,691450.6,690539.4,688782.7,691571.2,697867.9,698724.1,699585,702735,705819.5,707644.4,709316.3,714917.9,719083.5,721375.7,711885.6,635657.8,689419.6,698132.5,702716,710846.8,715035.6,726164.6,722447.1
Rhode Island,50513.3,51300.2,51431.3,52233.9,51900.4,53154,53709.1,52834.7,52444.6,51521.5,51239.7,50670.4,50997.4,50764.9,50384.8,50153.6,49326.3,49765.6,50275.2,50650.2,50696,51267.4,51672.9,51694.9,50477.7,51741.9,51352.1,51546.9,51713.6,51745.5,51631.9,51241.1,52095.8,51619.2,51936.1,51992.3,52074.8,52123.3,52202,52773.4,52630.8,52908.6,52652.4,53084.5,52347.2,52769.2,53461.7,53032.4,52249.5,52482.8,53040.1,52662.8,52330.6,52733.6,52284.1,52627.1,53058.4,53335.1,53049.9,53456.5,52786.9,47948.3,52169.8,52755.6,52272.8,54438.4,54732.3,55447,55367.9
South Carolina,168167,169187,169777.8,170822.2,172902.3,173113.4,173024.6,174443.3,174930.5,177782.7,179947.7,181237.5,178486.2,179270.7,177217.8,171295.5,168763.1,167752.4,168424.7,170467,170063.4,171853.5,172800.4,173806.7,174490.2,176848.3,175789.1,177205.2,178844.1,177831.9,177543.1,176253.4,179962.7,178980.5,181874,182708.9,182879.9,186502.3,187265.9,187299.5,189194.9,190853.5,193517.9,194513.1,195759.5,197491.2,198554.3,200217.7,201568.8,202106.1,202355.6,203946.6,205922.9,207769,208209,209189.7,211188.1,210913.8,213010.6,214818.9,211784.1,194789.8,212745.6,214602.3,217344.4,220004,220865.9,224541.7,223923.6
South Dakota,35847.9,35651.3,35865.2,36004.5,36296.9,36556,36410.9,36139.5,37813.6,37968.4,37503.8,37737.9,39922.4,39450.5,39046.7,37903.4,39425.1,39862.4,40486.8,40174.8,39594.2,39775.3,40870.3,41238.6,42049,42614.6,42789.2,44745.2,44728.7,44563,42261.3,44053,43989.2,44147.5,44218.3,44234.5,45215.6,45290.3,44724.4,44155.6,45028.8,45216.7,45585.1,46827.5,45401.1,45745.2,46617.9,46539.7,46811.4,46209.8,45522.8,44968.7,47001.9,46418.4,46265.6,46130.4,46688,46423.4,46630.3,46822.3,47582.8,44126.2,46920.6,48101.4,48924.2,49069.7,48943.9,48979,48545.5
Tennessee,265145.2,266672.9,270176.9,271571.7,273436.5,275810.2,274295.9,275974.2,269551.8,271695.2,273751.4,277897.7,276748.3,277366,276294.8,267875.1,265580.3,264034.9,263354,265979.4,266920.2,267546.7,268414.3,270917.9,272163.1,275778.4,277827.8,281823.7,284450.7,287689.4,286248.3,286977.4,290856.7,288127.3,289602.5,290592,291026.8,293801.3,295472.7,296219.6,300344.6,304598.4,306366.6,306627.1,307457.6,307914.9,310764.6,314435.8,316239.6,317108.9,318187.8,322111.7,321019.1,322690,323882.4,323002.4,326274.8,327901.4,330819.9,331450.5,329142.7,288729.6,320474.8,326954.3,337611,340933.2,343539.9,351709.5,350673.9
Texas,1139658.4,1135433.3,1137918.6,1152484.7,1201785,1221094.9,1234618.7,1256690.6,1264535.4,1289259.4,1292203.3,1298772.7,1280086.4,1275240.7,1276586.2,1296441.3,1283018,1268738,1274100.7,1283324.8,1297028.9,1303407.7,1314966.9,1324445.8,1333041.2,1348910.1,1352294.3,1380155.9,1400141.9,1414739.4,1421653.5,1448185.6,1462155.5,1478834.3,1495674.9,1502135.8,1487194.1,1517509.6,1546682.4,1567082.4,1606817.9,1590408.4,1608819.7,1617560.7,1616602.1,1615121.6,1622154.3,1625938.6,1641095,1655979.1,1670896.1,1688904.1,1707894.4,1727374.2,1733454.9,1748422.7,1756331.9,1768760.8,1800160.9,1816018,1783603,1640169.1,1745366.7,1768145.6,1786515.2,1820328.3,1836855.2,1881751,1870873.7
Utah,107245.4,108775,110924.6,113240.8,115939.5,117552.1,119222.9,121214.9,121062.3,124186,124527.8,125565.3,123900.2,125776.2,125159.4,122066.3,122338.1,121350.5,121070.2,120966.7,122391,122292.9,124251.7,126673.3,126829.7,128250.2,128106.1,128784,129955.2,129341,128746.7,130007.2,131892.7,132488.7,134162.1,133908.1,135672.4,136830.9,137255.1,138216.4,139958.3,141148.5,142016.2,143759.1,145673.6,146493.8,148858,150823.9,150660.5,152675.2,155670.3,158463,160523.3,163004.9,164347.8,165432,169788.2,168920.1,172157.8,173672.7,171099.8,163398.3,173146.4,177836,180194.6,181965.2,183233.3,186132.1,185181.2
Vermont,26990.1,26867.8,26986.5,27137.9,27388.1,27220.2,27110,26796.9,26609.9,26805.9,27029.9,27101,27833.2,27898.7,27879.2,27422.4,27067.1,26942.4,27260.3,27618.1,27818,28354.3,28745,28697.7,28570.5,28923.8,28881.6,29678.2,29313.9,29657.3,29300.7,28693.1,28917.6,28721.9,28464.4,28622.1,28370.8,28707.2,29182.9,29387.9,29054.7,29051.5,29204.6,29165.4,29358.5,29319.3,29505.3,29449.5,29519.4,29433.2,29514,29536.8,29650.7,29735.8,29550.7,29528.2,29939.4,29658,29984.4,30029.6,29949,26519.8,28933.2,29192,29410.3,29517,29557.9,30130,30184.4
Virginia,405352.9,410991.4,415922.1,416072.1,420969.4,420095.8,419481.9,418935.4,420943.2,422438.1,427118.7,429258.2,428421.1,433356.5,434679.4,428409.8,423533.7,426434.8,427958.6,432668.7,434464,440949.7,443955.7,445600.1,441902.7,443714.1,443944.5,447590.7,445803.9,445903.3,447012.7,445174.6,450785.6,448344.1,448799,448326.3,444797.9,447586.3,448557.4,449770.8,451208.8,455536.1,457213.6,456691,455504.8,458204.1,460873.7,465280.7,462750.1,465111,467610.8,471427.3,474152.5,477360.8,479850.4,479915.3,483144.2,484281.6,490312.2,491268.5,484783.2,449479.3,476685.5,484321.8,485850,490071.6,493639.8,500941.3,498831.1
Washington,336337.3,340084.4,339120.4,346169.7,350512.6,351494.8,353237.7,357808.9,360083.4,370587.8,377662.9,384388.3,379560.8,383294.1,386803.5,375501.4,368500.5,369138.4,369025.4,373882.1,373940.5,381051.7,383631.4,385334.2,385050.9,386071,385998,393861,398993.5,400721,403485.7,398922.2,408392.8,407894.3,413763.8,413444.6,417182,420773.2,429450.7,430464.6,435616.1,441170.4,445843.6,445178.2,455746.8,453467.5,457156.1,466684.7,472914.5,477539.2,485690.4,495152.1,507180.6,512346.5,521087.7,521905,530475,532171.8,537671,543604.2,539701.9,504612.1,544628.5,542505.2,553143.8,567383.1,570587.1,582097.2,577248.6
West Virginia,65341.8,66167.6,65491.4,65712.8,66583.1,66945.9,66904.8,67011.9,66603.2,66999.8,67443.6,67429.7,67405.9,68246,68670.8,69612.8,69367.1,68231.2,67415.3,67753.5,67289.4,68671.3,70530,70123.3,68941.4,70436,70595.9,71471.8,70892.1,71193.9,70028.5,69174.4,70595.6,70416.9,70428.6,70759.4,69447,70602.5,70949.5,71130.7,70921.6,70755.7,70552.5,70422.3,70475.9,69895.7,69925.3,69748.5,71339.2,71177.5,71615.2,71705.6,71967.4,73098.9,73696.8,73693.7,72379.7,72620.6,72857.2,72314.3,71676.2,65362.1,70167.7,71640.2,71643.6,72889.2,72539.2,72854.1,71711.8
Wisconsin,261144,263150.4,266338,264162,267734.4,268156.5,268477,268617.8,268832.6,269463.8,270768.7,270669.4,268392,269644.2,267264.2,261207.3,255384.8,257171.4,259541.8,262946.9,262217.8,265202.6,268475,271427.8,269737.2,271863.8,273837.5,275814.4,278670,278550.6,276109.4,275098.5,277216.7,276695.2,278106.9,280041,279115.5,284671.9,285733.2,286403.9,287242.2,288980,289567.7,290518.1,290669.1,291545.2,293539.2,291927.6,291010.5,290967.3,293561.9,293705,297847.6,298313.3,300132.8,301370.5,301770.3,303876.5,304106.6,305811.3,298653.8,274276.3,294987,298946.2,300025.5,302168.8,302198.8,306733,306547.9
Wyoming,33407.1,34028.5,33065.6,33434.8,35812.4,37271.1,38626.6,39543.7,40073.4,40549.5,40652.2,41253.9,41601.8,41808.4,42409.8,45652.8,45030.2,41896.7,40378.4,38880.3,39445.9,40063.2,40517.5,40200,39567.3,39644,39565.5,40295,39489.8,39508.9,38339.9,38083.1,39059,38544,38692.7,39102.6,38787.7,39313.5,39804,40332.5,41067.7,39970.4,40523.4,40111.1,39924.7,38295.4,37562,36972.8,37062.3,37711.6,37462.8,37479.7,37802.1,38017.6,37940.5,38191.4,38191.8,38302.7,38832.8,39186.5,38285.8,34678.2,36061.7,36000.9,36425.2,36673.6,36565.4,36979.4,36046.6
